{
    "openapi": "3.0.1",
    "info": {
        "title": "Digital Sales Manager",
        "description": "Digital Sales Manager",
        "version": "2.0.0",
        "x-ibm-skill-type": "imported",
        "x-ibm-skill-subtype": "public",
        "x-ibm-application-icon":"<svg xmlns=\"http://www.w3.org/2000/svg\" viewBox=\"0 0 48 48\"><path d=\"M0 0h48v48H0z\" data-name=\"Layer 2\" style=\"fill:#fff\"/><g data-name=\"Layer 1\"><path d=\"M40.36 29.91a.7.7 0 1 1 1.4 0 .7.7 0 1 1-1.4 0Zm1.24.05v-.09c0-.3-.23-.53-.54-.53s-.54.23-.54.53v.09c0 .3.23.53.54.53s.54-.23.54-.53Zm-.64.33h-.18v-.73h.33c.17 0 .25.1.25.23 0 .12-.05.19-.13.22l.17.28h-.2l-.14-.25h-.1v.25Zm.13-.39c.06 0 .09-.02.09-.08v-.05c0-.05-.03-.08-.09-.08h-.13v.21h.13Zm-34.86-.22h6.44v.92H6.23v-.92Zm0-.84h6.44v-.92H6.23v.92Zm1.84-1.76h2.76v-.92H8.07v.92Zm0-1.76h2.76v-.92H8.07v.92Zm0-1.76h2.76v-.92H8.07v.92Zm2.76-2.68H8.07v.92h2.76v-.92Zm-4.6-.84h6.44v-.92H6.23v.92Zm0-1.76h6.44v-.92H6.23v.92Zm7.36 10.54h9.82c.16-.28.29-.59.37-.92H13.59v.92Zm9.05-4.43h-7.21v.92h7.98c-.2-.35-.46-.66-.77-.92Zm-7.21-1.76v.92h7.21c.31-.26.57-.57.77-.92h-7.98Zm7.98-3.51h-9.82v.92h10.19c-.08-.33-.21-.64-.37-.92Zm-3.04-1.76h-6.78v.92h9.15c-.63-.57-1.46-.92-2.37-.92Zm-4.94 4.43h2.76v-.92h-2.76v.92Zm5.36 0h2.97c.08-.29.12-.6.12-.92h-3.1v.92Zm-5.36 5.27h2.76v-.92h-2.76v.92Zm5.36-.92v.92h3.1c0-.32-.04-.63-.12-.92H20.8Zm-7.2 4.43h6.78c.92 0 1.75-.35 2.37-.92h-9.15v.92Zm18.41 0 .32-.92h-.64l.32.92Zm-.61-1.76h1.23l.32-.92h-1.87l.32.92Zm-.62-1.76h2.46l.32-.92h-3.11l.32.92Zm-.62-1.76h3.7l.32-.92h-4.34l.32.92Zm-3.68-3.51h4.97l-.32-.92h-4.65v.92Zm6.68-1.76h6.2v-.92h-5.88l-.32.92Zm.93-2.68-.32.92h5.59v-.92h-5.27Zm-9.46 13.22h4.6v-.92h-4.6v.92Zm0-1.76h4.6v-.92h-4.6v.92Zm1.84-1.76h2.76v-.92h-2.76v.92Zm0-1.76h2.76v-.92h-2.76v.92Zm11.05-4.43h-4.65l-.32.92h4.97v-.92Zm-2.76 2.68h2.76v-.92h-5.26l-.26.74-.26-.74h-5.26v.92h2.76v-.85l.3.85h4.93l.3-.85v.85Zm2.76.84h-2.76v.92h2.76v-.92Zm-2.76 2.68h2.76v-.92h-2.76v.92Zm0 1.76h4.6v-.92h-4.6v.92Zm0 1.76h4.6v-.92h-4.6v.92Zm-3.92-10.54-.32-.92h-5.88v.92h6.2Zm-.61-1.76-.32-.92h-5.27v.92h5.59Z\" data-name=\"IBM�\" style=\"fill:#0f62fe\"/></g></svg>"
    },
    "servers": [
        {
            "url": "https://default-integration-runtime-https-acgvmafaicn8.p-mum-d1.appconnect.ibmappdomain.cloud"
        }
    ],
    "security": [
        {
            "basicAuth": []
        }
    ],
    "tags": [
        {
            "name": "Request"
        },
        {
            "name": "Response"
        }
    ],
    "paths": {
        "/FetchPipelines/Request/fetchPipeline": {
            "post": {
                "tags": [
                    "Request"
                ],
                "summary": "DSM - Fetch opportunity pipeline",
                "description": "DSM - Fetch the opportunity pipeline for customer/partner",
                "operationId": "Request.fetchpipeline.DSM",
                "requestBody": {
                    "content": {
                        "application/json": {
                            "schema": {
                                "$ref": "#/components/schemas/Request"
                            }
                        }
                    },
                    "required": false
                },
                "x-ibm-operation": {
                    "verb": "retrievewithwhere",
                    "model": "pipelineRecords"
                },
                "responses": {
                    "200": {
                        "description": "Opportunity Pipeline Details",
                        "content": {
                            "application/json": {
                                "schema": {
                                    "$ref": "#/components/schemas/Response"
                                }
                            }
                        }
                    }
                },
                "x-ibm-nl-intent-examples": [
                    "opportunity",
                    "fetch opportunities",
                    "fetch opportunity pipeline",
                    "get customer details"
                ],
                "x-ibm-nl-entities": {
                    "entities": [
                        {
                            "entity": "partnerName",
                            "values": [
                                {
                                    "value": "SBI",
                                    "synonyms": [
                                        "SBI"
                                    ],
                                    "type": "synonyms"
                                },
                                {
                                    "value": "Bank of America",
                                    "synonyms": [
                                        "Bank of America"
                                    ],
                                    "type": "synonyms"
                                },
                                {
                                    "value": "MetLife",
                                    "synonyms": [
                                        "MetLife"
                                    ],
                                    "type": "synonyms"
                                },
                                {
                                    "value": "Pfizer",
                                    "synonyms": [
                                        "Pfizer"
                                    ],
                                    "type": "synonyms"
                                },
                                {
                                    "value": "Zurich",
                                    "synonyms": [
                                        "Zurich"
                                    ],
                                    "type": "synonyms"
                                },
                                {
                                    "value": "Kaiser Permanente",
                                    "synonyms": [
                                        "Kaiser Permanente"
                                    ],
                                    "type": "synonyms"
                                },
                                {
                                    "value": "Asian Paints",
                                    "synonyms": [
                                        "Asian Paints"
                                    ],
                                    "type": "synonyms"
                                }
                            ],
                            "fuzzy_match": true
                        }
                    ]
                }
            }
        },
        "/fetchBOM/Request/fetchBOM": {
            "post": {
                "tags": [
                    "Request"
                ],
                "description": "DSM -  Generate Quotation",
                "summary": "DSM -  Generate Quotation",
                "operationId": "Request.getbom.DSM",
                "requestBody": {
                    "content": {
                        "application/json": {
                            "schema": {
                                "x-ibm-nl-non-slot-fillable": true,
                                "type": "object",
                                "properties": {
                                  "pipelineRecords":{
                                     "$ref": "#/components/schemas/BOMRequest"
                                   }
                               }
                            }
                        }
                    },
                    "required": false
                },
                "x-ibm-operation": {
                    "verb": "retrievewithwhere",
                    "model": "BOMDetails"
                },
                "responses": {
                    "200": {
                        "description": "Request was successful",
                        "content": {
                            "application/json": {
                                "schema": {
                                    "$ref": "#/components/schemas/BOMResponse"
                                }
                            }
                        }
                    }
                },
                "deprecated": false,
                "x-codegen-request-body-name": "data",
                "x-ibm-nl-intent-examples": [
                    "Generate Quotation",
                    "Generate BOM",
                    "generate bill of material",
                    "generate BOM",
                    "generate quotation"
                ],
                "x-ibm-nl-entities": {
                    "entities": [
                        {
                            "entity": "size",
                            "values": [
                                {
                                    "value": "SMALL",
                                    "synonyms": [
                                        "Small"
                                    ],
                                    "type": "synonyms"
                                },
                                {
                                    "value": "MEDIUM",
                                    "synonyms": [
                                        "Medium"
                                    ],
                                    "type": "synonyms"
                                },
                                {
                                    "value": "LARGE",
                                    "synonyms": [
                                        "Large"
                                    ],
                                    "type": "synonyms"
                                }
                            ],
                            "fuzzy_match": true
                        }
                    ]
                },
                "x-ibm-next-actions": []
            }
        },
        "/UpdateOpportunityStatus/request/updateOpportunityStatus": {
            "post": {
              "tags": [
                "request"
              ],
              "summary": "DSM -  Update Opportunity Status",
              "description":"DSM -  Update Opportunity Status",
              "operationId": "request.updateopportunitystatus.DSM",
              "requestBody": {
                "content": {
                  "application/json": {
                    "schema": {
                      "$ref": "#/components/schemas/request"
                    }
                  }
                },
                "required": false
              },
              "responses": {
                "200": {
                  "description": "Request was successful",
                  "content": {
                    "application/json": {
                      "schema": {
                        "$ref": "#/components/schemas/response"
                      }
                    }
                  }
                }
              }
            }
        }
    },
    "components": {
        "schemas": {
            "Request": {
                "type": "object",
                "properties": {
                    "partnerName": {
                        "type": "string",
                        "x-ibm-order": 1,
                        "x-ibm-multiline": "false",
                        "x-ibm-label": "Customer Name",
                        "enum": [
                            "SBI",
                            "Bank of America",
                            "MetLife",
                            "Pfizer",
                            "Zurich",
                            "Kaiser Permanente",
                            "Asian Paints"
                        ]
                    },
                    "opportunityID": {
                        "type": "string",
                        "x-ibm-order": 2,
                        "x-ibm-multiline": "false",
                        "x-ibm-label": "Opportunity ID"
                    }
                },
                "required": [
                    "partnerName"
                ]
            },
            "Response": {
                "type": "object",
                "properties": {
                    "serialID": {
                        "type": "string",
                        "x-ibm-order": 2,
                        "x-ibm-show": false
                    },
                    "pipelines": {
                        "type": "array",
                        "items": {
                            "$ref": "#/components/schemas/pipelineRecords"
                        }
                    }
                }
            },
            "pipelineRecords":{
                "type": "object",
                "properties": {
                    "partnerName": {
                        "type": "string",
                        "x-ibm-order": 1,
                        "title": "Customer Name"
                    },
                    "opportunityID": {
                        "type": "string",
                        "x-ibm-order": 2,
                        "title": "Opportunity ID"
                    },
                    "description": {
                        "type": "string",
                        "x-ibm-order": 4,
                        "title": "Description"
                    },
                    "productName": {
                        "type": "string",
                        "x-ibm-order": 3,
                        "title": "Product Name"
                    },
                    "category": {
                        "type": "string",
                        "x-ibm-order": 5,
                        "title": "Category"
                    },
                    "startDate": {
                        "type": "string",
                        "x-ibm-order": 6,
                        "title": "Start Date"
                    },
                    "endDate": {
                        "type": "string",
                        "x-ibm-order": 7,
                        "title": "End Date"
                    },
                    "status": {
                        "type": "string",
                        "x-ibm-order": 8,
                        "title": "Status"
                    },
                    "contact": {
                        "type": "string",
                        "x-ibm-order": 9,
                        "title": "Contact"
                    }
                }
            },
            "BOMRequest":{
                "required": [
                    "productName",
                    "size"
                ],
                "type": "object",
                "properties": {
                    "productName": {
                        "type": "string",
                        "x-ibm-order": 1,
                        "x-ibm-label": "Product Name",
                        "x-ibm-multiline": "false"
                    },
                    "category": {
                        "type": "string",
                        "x-ibm-order": 3,
                        "x-ibm-label": "Category",
                        "x-ibm-multiline": "false"
                    },
                    "size": {
                        "type": "string",
                        "x-ibm-order": 2,
                        "x-ibm-label": "Size",
                        "enum": [
                            "SMALL",
                            "MEDIUM",
                            "LARGE"
                        ]
                    },
                    "partnerName": {
                        "type": "string",
                        "x-ibm-order": 4,
                        "x-ibm-label": "Partner Name",
                        "x-ibm-multiline": "false"
                    },
                    "opportunityID": {
                        "type": "string",
                        "x-ibm-order": 5,
                        "x-ibm-label": "Opportunity ID"
                    },
                    "ID": {
                        "type": "string",
                        "x-ibm-order": 6,
                        "x-ibm-show": "false"
                    }
                }
            },
            "BOMResponse": {
                "type": "object",
                "properties": {
                    "ID": {
                        "type": "string",
                        "x-ibm-show": "false"
                    },
                    "BOMDetail": {
                        "type": "array",
                        "x-ibm-label":"BOM Details",
                        "items": {
                            "$ref": "#/components/schemas/BOMDetails"
                        }
                    }
                }
            },
            "BOMDetails": {
                "type": "object",
                "properties": {
                    "productName": {
                        "type": "string",
                        "title": "Product Name"
                    },
                    "category": {
                        "type": "string",
                        "title": "Category"
                    },
                    "size": {
                        "type": "string",
                        "title": "Size"
                    },
                    "partNumber": {
                        "type": "string",
                        "title": "Part Number"
                    },
                    "licenseEntilements": {
                        "type": "number",
                        "title": "License Entitled"
                    },
                    "listPrice": {
                        "type": "number",
                        "title": "List Price"
                    },
                    "partnerName": {
                        "type": "string",
                        "title": "Partner Name"
                    },
                    "opportunityID": {
                        "type": "string",
                        "x-ibm-label": "Opportunity ID"
                    }      
                }
            },
            "request": {
                "required": [
                  "opportunityID",
                  "status"
                ],
                "type": "object",
                "properties": {
                  "opportunityID": {
                    "type": "string"
                  },
                  "status": {
                    "type": "string"
                  }
                },
                "description": ""
            },
            "response": {
                "required": [
                    "response"
                ],
                "type": "object",
                "properties": {
                    "response": {
                    "type": "string"
                    }
                }
            }
        },
        "securitySchemes": {
            "basicAuth": {
                "scheme": "basic",
                "type": "http"
            }
        }
    }
}