{
    "openapi": "3.0.1",
    "info": {
        "title": "DSM -  Content Generation",
        "description": "DSM -  Contnent Generation using watsonx.ai",
        "version": "1.0.0",
        "x-ibm-skill-type": "imported",
        "x-ibm-annotations": "true",
        "x-ibm-skill-subtype": "public",
        "x-ibm-application-icon":"<svg xmlns=\"http://www.w3.org/2000/svg\" viewBox=\"0 0 48 48\"><path d=\"M0 0h48v48H0z\" data-name=\"Layer 2\" style=\"fill:#fff\"/><g data-name=\"Layer 1\"><path d=\"M40.36 29.91a.7.7 0 1 1 1.4 0 .7.7 0 1 1-1.4 0Zm1.24.05v-.09c0-.3-.23-.53-.54-.53s-.54.23-.54.53v.09c0 .3.23.53.54.53s.54-.23.54-.53Zm-.64.33h-.18v-.73h.33c.17 0 .25.1.25.23 0 .12-.05.19-.13.22l.17.28h-.2l-.14-.25h-.1v.25Zm.13-.39c.06 0 .09-.02.09-.08v-.05c0-.05-.03-.08-.09-.08h-.13v.21h.13Zm-34.86-.22h6.44v.92H6.23v-.92Zm0-.84h6.44v-.92H6.23v.92Zm1.84-1.76h2.76v-.92H8.07v.92Zm0-1.76h2.76v-.92H8.07v.92Zm0-1.76h2.76v-.92H8.07v.92Zm2.76-2.68H8.07v.92h2.76v-.92Zm-4.6-.84h6.44v-.92H6.23v.92Zm0-1.76h6.44v-.92H6.23v.92Zm7.36 10.54h9.82c.16-.28.29-.59.37-.92H13.59v.92Zm9.05-4.43h-7.21v.92h7.98c-.2-.35-.46-.66-.77-.92Zm-7.21-1.76v.92h7.21c.31-.26.57-.57.77-.92h-7.98Zm7.98-3.51h-9.82v.92h10.19c-.08-.33-.21-.64-.37-.92Zm-3.04-1.76h-6.78v.92h9.15c-.63-.57-1.46-.92-2.37-.92Zm-4.94 4.43h2.76v-.92h-2.76v.92Zm5.36 0h2.97c.08-.29.12-.6.12-.92h-3.1v.92Zm-5.36 5.27h2.76v-.92h-2.76v.92Zm5.36-.92v.92h3.1c0-.32-.04-.63-.12-.92H20.8Zm-7.2 4.43h6.78c.92 0 1.75-.35 2.37-.92h-9.15v.92Zm18.41 0 .32-.92h-.64l.32.92Zm-.61-1.76h1.23l.32-.92h-1.87l.32.92Zm-.62-1.76h2.46l.32-.92h-3.11l.32.92Zm-.62-1.76h3.7l.32-.92h-4.34l.32.92Zm-3.68-3.51h4.97l-.32-.92h-4.65v.92Zm6.68-1.76h6.2v-.92h-5.88l-.32.92Zm.93-2.68-.32.92h5.59v-.92h-5.27Zm-9.46 13.22h4.6v-.92h-4.6v.92Zm0-1.76h4.6v-.92h-4.6v.92Zm1.84-1.76h2.76v-.92h-2.76v.92Zm0-1.76h2.76v-.92h-2.76v.92Zm11.05-4.43h-4.65l-.32.92h4.97v-.92Zm-2.76 2.68h2.76v-.92h-5.26l-.26.74-.26-.74h-5.26v.92h2.76v-.85l.3.85h4.93l.3-.85v.85Zm2.76.84h-2.76v.92h2.76v-.92Zm-2.76 2.68h2.76v-.92h-2.76v.92Zm0 1.76h4.6v-.92h-4.6v.92Zm0 1.76h4.6v-.92h-4.6v.92Zm-3.92-10.54-.32-.92h-5.88v.92h6.2Zm-.61-1.76-.32-.92h-5.27v.92h5.59Z\" data-name=\"IBM�\" style=\"fill:#0f62fe\"/></g></svg>"
    },
    "servers": [
        {
            "url": "https://default-integration-runtime-https-acgvmafaicn8.p-mum-d1.appconnect.ibmappdomain.cloud/GenerateWXContent"
        }
    ],
    "security": [
        {
            "basic_auth": []
        }
    ],
    "tags": [
        {
            "name": "request"
        },
        {
            "name": "response"
        }
    ],
    "paths": {
        "/request/generateEmailContentWatsonX": {
            "post": {
                "tags": [
                    "request"
                ],
                "summary": "DSM -  Content Generation",
                "description": "DSM -  Contnent Generation using watsonx.ai",
                "operationId": "request.generateemailcontentwatsonx.DSM",
                "requestBody": {
                    "content": {
                        "application/json": {
                            "schema": {
                                "$ref": "#/components/schemas/request"
                            }
                        }
                    },
                    "required": false
                },
                "responses": {
                    "200": {
                        "description": "Request was successful",
                        "content": {
                            "application/json": {
                                "schema": {
                                    "$ref": "#/components/schemas/response"
                                }
                            }
                        }
                    },
                    "403":{
                        "description": "Token limit exceeds as per plan",
                        "content": {
                            "application/json": {
                                "schema": {
                                    "$ref": "#/components/schemas/token_exceed"
                                }
                            }
                        }
                    }
                },
                "x-ibm-nl-intent-examples": [
                    "Customer Outreach",
                    "outreach"
                ],
                "x-ibm-nl-entities": {
                    "entities": []
                },
                "x-ibm-next-actions": [
                    {
                        "skill_id": "Send-Email---Gmail__1.0.0__request.sendemail",
                        "utterance": "Send Email"
                    }
                ]
            }
        }
    },
    "components": {
        "schemas": {
            "request": {
                "type": "object",
                "properties": {
                    "query": {
                        "type": "string",
                        "x-ibm-order": 1,
                        "x-ibm-label": "Enter Query",
                        "x-ibm-multiline": "false"
                    },
                    "api_key": {
                        "type": "string",
                        "x-ibm-order": 2,
                        "x-ibm-label": "Enter IBM Cloud API Key",
                        "x-ibm-multiline": "false",
                        "x-ibm-show":true
                    },
                    "project_id": {
                        "type": "string",
                        "x-ibm-order": 3,
                        "x-ibm-label": "Enter WatsonX Project Id",
                        "x-ibm-multiline": "false",
                        "x-ibm-show": true
                    }
                },
                "description": "",
                "required": [
                    "query",
                    "api_key",
                    "project_id"
                ]
            },
            "response": {
                "required": [
                    "response"
                ],
                "type": "object",
                "properties": {
                    "response": {
                        "type": "string"
                    }
                }
            },
            "token_exceed":{
                "type": "object",
                "properties": {
                  "code": {
                    "type": "string",
                    "description": "You're out of tokens"
                  },
                  "message": {
                    "type": "string",
                    "description": "You're out of tokens"
                  },
                  "message_parameters": {
                    "type": "array",
                    "items": {
                      "type": "string"
                    },
                    "description": "Message text parameters of the exception."
                  }
                },
                "x-ibm-response-wrapper": true
            }

        },
        "securitySchemes": {
            "provider_basic_auth": {
                "type": "http",
                "scheme": "basic"
            }
        }
    }
}